c,mse,rs
0.01,0.0254134,0.806518
0.1,0.013494,0.902466
1,0.00905194,0.93813
10,0.0085484,0.943181
100,0.00809226,0.94495
